ID,Name,Age,Email,Joining Date,Salary
ID001,TWSUM,63,ijjksmj@example.com,2020-01-01,109481.26
ID002,EEUZX,50,pcxgzkk@example.com,2020-01-02,36311.0
ID003,YIDUM,27,jdlftnu@example.com,2020-01-03,85707.81
ID004,PDIGP,32,nkqdicc@example.com,2020-01-04,79632.06
ID005,EKEAG,62,qngqusy@example.com,2020-01-05,69475.29
ID006,GYZII,35,vhdxxzc@example.com,2020-01-06,98113.47
ID007,JIASC,50,gkfmkkb@example.com,2020-01-07,77148.94
ID008,MMLZB,63,tmahuzn@example.com,2020-01-08,71246.82
ID009,OKAPS,34,wzzfuus@example.com,2020-01-09,60454.32
ID010,CYBVJ,40,cmpxopy@example.com,2020-01-10,112352.6
ID011,AEXMQ,47,fpgkkqf@example.com,2020-01-11,117074.79
ID012,EUYBH,64,llulzrj@example.com,2020-01-12,76519.78
ID013,UJCGR,52,lsuymmu@example.com,2020-01-13,47566.02
ID014,TTUFH,24,ddydryo@example.com,2020-01-14,91854.65
ID015,CFCGQ,42,rwligrk@example.com,2020-01-15,67596.75
ID016,KZFFN,30,wuwyphs@example.com,2020-01-16,31603.21
ID017,BFRZR,39,luejiig@example.com,2020-01-17,35134.95
ID018,ZMAYY,56,etaszid@example.com,2020-01-18,30523.1
ID019,ZACBJ,18,zijhhzb@example.com,2020-01-19,75785.87
ID020,UIQSO,33,vtlgody@example.com,2020-01-20,65883.79
ID021,FEGOR,26,iuknibe@example.com,2020-01-21,60526.7
ID022,ZHNWO,45,wnvxnpq@example.com,2020-01-22,110996.17
ID023,QJYJK,63,fwedjqb@example.com,2020-01-23,33563.32
ID024,KMFVR,32,ujnwasu@example.com,2020-01-24,39965.86
ID025,LFCPW,19,lbozilg@example.com,2020-01-25,55108.6
ID026,DWDNN,26,zpdryvw@example.com,2020-01-26,97187.67
ID027,KVHOQ,54,rqwquou@example.com,2020-01-27,72093.08
ID028,CDVXZ,21,cmpbedg@example.com,2020-01-28,96282.07
ID029,ZBYXD,20,rsvmnlb@example.com,2020-01-29,81150.76
ID030,WKQQH,60,obhhgzt@example.com,2020-01-30,104446.18
ID031,SKHHO,56,lsiyxna@example.com,2020-01-31,62019.45
ID032,WJRPS,28,lfripgd@example.com,2020-02-01,57001.96
ID033,IXXRW,30,fmeblfr@example.com,2020-02-02,74697.33
ID034,PEMDJ,35,hjnabhr@example.com,2020-02-03,100836.08
ID035,TBXJW,65,ukvvhrq@example.com,2020-02-04,70466.08
ID036,RKNWC,22,lltnzus@example.com,2020-02-05,102236.01
ID037,ZSZRE,53,tlctbau@example.com,2020-02-06,98090.82
ID038,XZGJI,55,jmigdrp@example.com,2020-02-07,113781.11
ID039,TJSGD,39,vvokhuj@example.com,2020-02-08,47944.8
ID040,FOLSF,37,mrdykxw@example.com,2020-02-09,75920.56
ID041,YQVSB,38,fnjulzq@example.com,2020-02-10,87697.81
ID042,YUBWT,19,vupsrcd@example.com,2020-02-11,107521.21
ID043,BUVNS,45,dexajar@example.com,2020-02-12,46839.91
ID044,AXMAD,52,umnutkn@example.com,2020-02-13,100643.75
ID045,ZCOCL,29,fqcqgwl@example.com,2020-02-14,88511.4
ID046,WZWGX,60,zfuiugn@example.com,2020-02-15,96057.08
ID047,GDQKF,26,ysreurb@example.com,2020-02-16,35108.5
ID048,VGGFR,27,cxmjzid@example.com,2020-02-17,30062.7
ID049,YUEAW,60,cqcgqug@example.com,2020-02-18,103026.89
ID050,RZUVZ,29,msernkq@example.com,2020-02-19,117017.32
ID051,CXTST,45,hnprbao@example.com,2020-02-20,49357.92
ID052,GXZMH,64,tbmtvfg@example.com,2020-02-21,91842.54
ID053,XWIGN,33,dzjkjdw@example.com,2020-02-22,52659.23
ID054,QSWTG,42,wkzcrlo@example.com,2020-02-23,112342.25
ID055,TMMXF,63,htvqsqh@example.com,2020-02-24,92147.92
ID056,YMNKV,52,vzrgrbe@example.com,2020-02-25,46396.19
ID057,RRSXH,47,fjteidd@example.com,2020-02-26,91647.04
ID058,EYYUL,60,xpsuzuc@example.com,2020-02-27,89403.5
ID059,FPPCE,54,xibytig@example.com,2020-02-28,88385.33
ID060,AVTMV,65,ikmfzbu@example.com,2020-02-29,60885.98
ID061,ALZHY,23,nustwvc@example.com,2020-03-01,74626.71
ID062,LGQXY,57,mpvaodm@example.com,2020-03-02,59756.74
ID063,WFJRI,57,gjwdcuf@example.com,2020-03-03,66733.79
ID064,RTYGB,54,cxggxaz@example.com,2020-03-04,115591.27
ID065,VCYSJ,56,fclptla@example.com,2020-03-05,39541.25
ID066,MKHIB,54,oqrbtap@example.com,2020-03-06,78305.05
ID067,QLWMJ,28,xoalbso@example.com,2020-03-07,36455.79
ID068,RWMCO,28,hrbhyfz@example.com,2020-03-08,48779.04
ID069,YEAMS,20,vpolsyr@example.com,2020-03-09,39777.23
ID070,JLCVV,18,lbgvzvi@example.com,2020-03-10,93381.21
ID071,GJKQN,41,sxbilij@example.com,2020-03-11,94915.69
ID072,SPNGB,28,xsemdqt@example.com,2020-03-12,64174.73
ID073,MBEZV,47,ajzbdku@example.com,2020-03-13,38144.94
ID074,BMFRR,20,nxidipp@example.com,2020-03-14,41155.4
ID075,RYXKP,21,bwygfei@example.com,2020-03-15,43654.06
ID076,TJDOA,43,atxabow@example.com,2020-03-16,70720.05
ID077,JGPBQ,41,npmhqoe@example.com,2020-03-17,118037.6
ID078,HMVNZ,58,adqbvsz@example.com,2020-03-18,56295.2
ID079,OIROC,46,lttnkek@example.com,2020-03-19,67305.07
ID080,QDRZO,62,wwfltex@example.com,2020-03-20,74173.13
ID081,BFJIS,23,gcfwhbf@example.com,2020-03-21,69741.72
ID082,QQNOA,64,kqfjwuj@example.com,2020-03-22,58028.49
ID083,YAQXI,45,gxwxlza@example.com,2020-03-23,54551.35
ID084,RWFDG,34,gsvsyns@example.com,2020-03-24,98937.41
ID085,GHXHN,35,fvooiep@example.com,2020-03-25,83894.78
ID086,KLDHS,56,kuwhuak@example.com,2020-03-26,93845.88
ID087,URSLN,50,wtqffef@example.com,2020-03-27,91531.35
ID088,AGUGR,34,dydrzck@example.com,2020-03-28,106318.53
ID089,LXGLQ,18,zkayqdo@example.com,2020-03-29,86440.82
ID090,WXFVV,26,mucnlmq@example.com,2020-03-30,63527.48
ID091,QLQQW,21,eeozimt@example.com,2020-03-31,58452.88
ID092,UQJVA,36,cjrwaqx@example.com,2020-04-01,54773.14
ID093,NFGEY,41,kulqrao@example.com,2020-04-02,85672.11
ID094,QKMRX,45,dmkupsu@example.com,2020-04-03,77142.73
ID095,FFKRF,53,bfrlhcw@example.com,2020-04-04,92200.48
ID096,WWVHI,23,okqphyf@example.com,2020-04-05,89243.57
ID097,HHDAV,25,prrudff@example.com,2020-04-06,65122.13
ID098,BFACC,53,joerxzf@example.com,2020-04-07,94298.88
ID099,GCXJC,21,jqjbegi@example.com,2020-04-08,60771.3
ID100,GNYLG,32,noddexk@example.com,2020-04-09,48647.81
